,"dominant","epidemic","all1","I3","R3","spp"
"05LoH15.1",0,0,0,0,0,0
"05LoH17.10",0,0,0,0,0,0
"05LoM26.3",0,0,0,0,0,0
"05LoM26.5",0,0,0,0,0,0
"05LoS14_6",1,0,0,0,0,1
"05LoS16R10_32",1,0,0,0,0,1
"05LoS16R10_36",0,0,0,0,0,1
"05LoS16R1_16",1,1,1,0,0,1
"05LoS16R2_18",0,0,0,0,0,0
"05LoS16R3_25",0,0,0,0,0,0
"05LoS1_4",1,1,1,0,0,1
"05LoS1_5",0,0,0,0,0,1
"05LoS1_7",0,0,0,0,0,1
"05LoS21R6_43",1,1,1,0,0,1
"05LoS22_10",0,0,0,0,0,1
"05LoS23R3_45",0,0,0,0,0,0
"05LoS23R7_12",1,1,1,0,0,1
"05LoS23_10",0,0,0,0,0,1
"05LoS23_11",1,1,1,0,0,1
"05LoS3_1",1,1,1,0,0,1
"05LoS3_4",0,0,0,0,0,0
"05LoS8_14",1,1,1,0,0,1
"09LoS35_1",1,1,1,0,0,1
"09LoS36_1",0,0,0,0,0,1
"09LoS36_3",1,1,1,0,0,1
"09LoS36_4",0,0,0,0,0,0
"09LoS38R4_7",0,0,0,0,0,0
"09LoS40_3",0,0,0,0,0,1
"09LoS42_2",0,0,0,0,0,1
"09LoS43_2",0,0,0,0,0,1
"11LoS11_3",0,0,0,0,0,0
"11LoS13_1",1,1,1,0,0,1
"11LoS14_2",1,1,1,0,0,1
"11LoS14_3",0,0,0,0,0,0
"11LoS15_1",1,1,0,0,1,1
"11LoS17_12",0,0,0,0,0,1
"11LoS18_3",0,0,0,0,0,1
"11LoS20_1",0,0,0,0,0,1
"11LoS20_4",0,0,0,0,0,0
"11LoS21_3",1,1,1,0,0,1
"11LoS28_4",0,0,0,0,0,0
"11LoS28_6",1,1,1,0,0,1
"11LoS29_1",0,0,0,0,0,0
"11LoS31_1",0,0,0,0,0,0
"11LoS31_2",0,0,0,0,0,0
"11LoS31_5",0,0,0,0,0,0
"11LoS32_1",0,0,0,0,0,0
"11LoS33_1",0,0,0,0,0,0
"11LoS33_4",0,0,0,0,0,0
"11LoS33_5",0,0,0,0,0,1
"11LoS34_10",0,0,0,0,0,1
"11LoS34_2",0,0,0,0,0,1
"11LoS34_4",0,0,0,0,0,1
"11LoS34_6",0,0,0,0,0,1
"11LoS6_2",0,0,0,0,0,0
"11LoS7_1",0,0,0,0,0,1
"11LoS8_1",0,0,0,0,0,1
"12LoS21_12",0,0,0,0,0,0
"13LoS100_1",0,0,0,0,0,0
"13LoS104_4",0,0,0,0,0,0
"13LoS14_2",0,0,0,0,0,0
"13LoS15_1",0,0,0,0,0,0
"13LoS16_4",0,0,0,0,0,1
"13LoS18_3",0,0,0,0,0,0
"13LoS28_1",0,0,0,0,0,0
"13LoS58_2",0,0,0,0,0,0
"13LoS69_3",0,0,0,0,0,0
"13LoS70_1",0,0,0,0,0,0
"13LoS70_2",0,0,0,0,0,0
"13LoS78_1",0,0,0,0,0,0
"13LoS98_3",0,0,0,0,0,1
"17",0,0,0,0,0,0
"19AcAM272.1.1",0,0,0,0,0,0
"19AcAM272.3.1",0,0,0,0,0,0
"19AcAM288.1.1",0,0,0,0,0,0
"19AcAM288.2.1",0,0,0,0,0,0
"19AcAM290.1.1",0,0,0,0,0,0
"19AcAM290.2.1",0,0,0,0,0,0
"19AcAM304.1.1",0,0,0,0,0,0
"19AcAM304.2.1",0,0,0,0,0,0
"19AcAM304.3.1",0,0,0,0,0,0
"19AcARN268.1.1",0,0,0,0,0,0
"19AcARN268.3.1",0,0,0,0,0,0
"19AcARN282.1.1",0,0,0,0,0,0
"19AcARN282.2.1",0,0,0,0,0,0
"19AcARN282.3.1",0,0,0,0,0,0
"19AcARN300.1.1",0,0,0,0,0,0
"19AcARN300.2.1",0,0,0,0,0,0
"19AcARN300.3.1",0,0,0,0,0,0
"19AcARN305.1.1",0,0,0,0,0,0
"19AcARN305.2.1",0,0,0,0,0,0
"19AcAm127.1.1",0,0,0,0,0,0
"19AcAm127.2.1",0,0,0,0,0,0
"19AcAm127A.1.1",0,0,0,0,0,0
"19AcAm127A.2.1",0,0,0,0,0,0
"19AcAm128.1.1",0,0,0,0,0,0
"19AcAm128.2.1",0,0,0,0,0,0
"19AcAm129.2.1",0,0,0,0,0,0
"19AcAm129.3.1",0,0,0,0,0,0
"19AcAm184.2.1",0,0,0,0,0,0
"19AcAm184.3.1",0,0,0,0,0,0
"19AcAm185.3.1",0,0,0,0,0,0
"19AcAm187A.2.1",0,0,0,0,0,0
"19AcAm188.1.1",0,0,0,0,0,0
"19AcAm188.3.1",0,0,0,0,0,0
"19AcAm188A.1.1",0,0,0,0,0,0
"19AcAm205.1.1",0,0,0,0,0,0
"19AcAm205.2.1",0,0,0,0,0,0
"19AcAm206.1.1",0,0,0,0,0,0
"19AcAm206.2.1",0,0,0,0,0,0
"19AcAm208.2.1",0,0,0,0,0,0
"19AcAm208.3.1",0,0,0,0,0,0
"19AcAm209.1.1",0,0,0,0,0,0
"19AcAm209.2.1",0,0,0,0,0,0
"19AcAm211.3.1",0,0,0,0,0,0
"19AcAm211.5.1",0,0,0,0,0,0
"19AcAm39.1.1",0,0,0,0,0,0
"19AcAm39.4.1",0,0,0,0,0,0
"19AcAm39.7.1",0,0,0,0,0,0
"19AcAm40.1.1",0,0,0,0,0,0
"19AcAm40.3.1",0,0,0,0,0,0
"19AcAm40.6.1",0,0,0,0,0,0
"19AcAm41.2.1",0,0,0,0,0,0
"19AcAm41.3.1",0,0,0,0,0,0
"19AcAm42.2.1",0,0,0,0,0,0
"19AcAm42.7.1",0,0,0,0,0,0
"19AcAm43.1.1",0,0,0,0,0,0
"19AcAm43.3.1",0,0,0,0,0,0
"19AcD266.1.1",0,0,0,0,0,0
"19AcD266.2.1",0,0,0,0,0,0
"19AcD266.3.1",0,0,0,0,0,0
"19AcD271.1.1",0,0,0,0,0,0
"19AcD280.1.1",0,0,0,0,0,0
"19AcD280.2.1",0,0,0,0,0,0
"19AcD281.1.1",0,0,0,0,0,0
"19AcD281.2.1",0,0,0,0,0,0
"19AcD281.3.1",0,0,0,0,0,0
"19AcD298.1.1",0,0,0,0,0,0
"19AcD298.2.1",0,0,0,0,0,0
"19AcD298.3.1",0,0,0,0,0,0
"19AcD306.1.1",0,0,0,0,0,0
"19AcGLB10.1.1",0,0,0,0,0,0
"19AcGLB10.2.1",0,0,0,0,0,0
"19AcGLB102.2.1",0,0,0,0,0,0
"19AcGLB102.2.2",0,0,0,0,0,0
"19AcGLB103.2.1",0,0,0,0,0,0
"19AcGLB196.1.1",0,0,0,0,0,0
"19AcGLB196.2.1",0,0,0,0,0,0
"19AcGLB196.3.1",0,0,0,0,0,0
"19AcGLB197.1.1",0,0,0,0,0,0
"19AcGLB197.2.1",0,0,0,0,0,0
"19AcGLB197.3.1",0,0,0,0,0,0
"19AcGLB198.1.2",0,0,0,0,0,0
"19AcGLB198.2.2",0,0,0,0,0,0
"19AcGLB232.1.1",0,0,0,0,0,0
"19AcGLB233.1.1",0,0,0,0,0,0
"19AcGLB381sp.3.1",0,0,0,0,0,0
"19AcGLBFCO1.1.1",0,0,0,0,0,0
"19AcGLBFCO3.1.1",0,0,0,0,0,0
"19AcGR302.2.1",0,0,0,0,0,0
"19AcGR302.3.1",0,0,0,0,0,0
"19AcGR302.4.1",0,0,0,0,0,0
"19AcGR302.5.1",0,0,0,0,0,0
"19AcHe316.1.1",0,0,0,0,0,0
"19AcHe317.2.1",0,0,0,0,0,0
"19AcNV332.1.1",0,0,0,0,0,0
"19AcNV332.2.1",0,0,0,0,0,0
"19AcNV332.3.1",0,0,0,0,0,0
"19AcNV333.1.1",0,0,0,0,0,0
"19AcNV333.2.1",0,0,0,0,0,0
"19AcNV333.3.1",0,0,0,0,0,0
"19AcNV334.1.1",0,0,0,0,0,0
"19AcNV334.2.1",0,0,0,0,0,0
"19AcNV334.3.1",0,0,0,0,0,0
"19AcNV335.1.1",0,0,0,0,0,0
"19AcNV335.2.1",0,0,0,0,0,0
"19AcNV335.3.1",0,0,0,0,0,0
"19AcNV336.2.1",0,0,0,0,0,0
"19AcNV336.3.1",0,0,0,0,0,0
"19AcPa144.1.1",0,0,0,0,0,0
"19AcPa144.2.1",0,0,0,0,0,0
"19AcPa146.2.1",0,0,0,0,0,0
"19AcPa146.3.1",0,0,0,0,0,0
"19AcPa147.2.2",0,0,0,0,0,0
"19AcPa147.3.1",0,0,0,0,0,0
"19AcPa151.1.1",0,0,0,0,0,0
"19AcPa151.2.1",0,0,0,0,0,0
"19AcPa151A.1.1",0,0,0,0,0,0
"19AcPa173.1.1",0,0,0,0,0,0
"19AcPa173.2.1",0,0,0,0,0,0
"19AcPa174.1.2",0,0,0,0,0,0
"19AcPa174.2.1",0,0,0,0,0,0
"19AcPa174.3.1",0,0,0,0,0,0
"19AcPa174A.1.2",0,0,0,0,0,0
"19AcPa174A.2.1",0,0,0,0,0,0
"19AcPa174A.3.1",0,0,0,0,0,0
"19AcPa177.1.1",0,0,0,0,0,0
"19AcPa177.2.2",0,0,0,0,0,0
"19AcPa178.1.1",0,0,0,0,0,0
"19AcPa178.2.1",0,0,0,0,0,0
"19AcPa283.1.1",0,0,0,0,0,0
"19AcPa283.2.1",0,0,0,0,0,0
"19AcPa284.1.2",0,0,0,0,0,0
"19AcPa284.3.1",0,0,0,0,0,0
"19AcPa285.1.1",0,0,0,0,0,0
"19AcPa285.2.1",0,0,0,0,0,0
"19AcS11.1.1",1,1,0,1,0,1
"19AcS11.2.1",1,1,0,1,0,1
"19AcS121.1.1",1,1,1,0,0,1
"19AcS121A.2.1",0,0,0,0,0,0
"19AcS123.1.1",0,0,0,0,0,1
"19AcS136.2.1",1,1,1,0,0,1
"19AcS142.2.1",0,0,0,0,0,1
"19AcS142.3.1",1,1,1,0,0,1
"19AcS179.1.1",0,0,0,0,0,1
"19AcS179.2.1",1,1,0,0,1,1
"19AcS180A.1.1",1,1,0,0,1,1
"19AcS181.1.1",1,1,1,0,0,1
"19AcS181.3.1",1,1,1,0,0,1
"19AcS182.1.1",1,1,0,0,1,1
"19AcS183.2.1",1,1,1,0,0,1
"19AcS183.3.1",1,1,1,0,0,1
"19AcS213.4.1",0,0,0,0,0,0
"19AcS217.3.1",1,1,1,0,0,1
"19AcS295.1.1",0,0,0,0,0,0
"19AcS295.2.1",0,0,0,0,0,1
"19AcS295.3.1",0,0,0,0,0,0
"19AcS307.1.1",0,0,0,0,0,1
"19AcS307.2.1",1,1,0,0,1,1
"19AcS308.1.1",0,0,0,0,0,0
"19AcS308.2.1",0,0,0,0,0,1
"19AcS309.1.1",0,0,0,0,0,1
"19AcS311.1.1",1,1,1,0,0,1
"19AcS312.2.1",1,1,1,0,0,1
"19AcS312.3.1",1,1,1,0,0,1
"19AcS313A.1.1",1,1,1,0,0,1
"19AcS313A.2.1",1,1,1,0,0,1
"19AcS313B.1.1",0,0,0,0,0,1
"19AcS397Asp.3.1",1,1,1,0,0,1
"19AcS398Asp.1.1",0,0,0,0,0,1
"19AcS398Asp.2.1",1,1,1,0,0,1
"19AcS398sp.3.1",1,1,1,0,0,1
"19AcS5.1.1",0,0,0,0,0,0
"19AcS5.2.1",0,0,0,0,0,1
"19AcS5.6.1",0,0,0,0,0,1
"21",0,0,0,0,0,0
"23",1,0,0,0,0,1
"24",1,0,0,0,0,1
"38B",0,0,0,0,0,0
"48.1",0,0,0,0,0,0
"62.1",0,0,0,0,0,0
"AcPa151A.2.1",0,0,0,0,0,0
"AcS313B.2.1",0,0,0,0,0,0
"CW1",0,0,0,0,0,0
"CW10",0,0,0,0,0,1
"CW11",0,0,0,0,0,1
"CW12",0,0,0,0,0,0
"CW17",0,0,0,0,0,0
"CW4",0,0,0,0,0,1
"CW7",0,0,0,0,0,1
"CW9",1,1,1,0,0,1
"inoc1",0,0,0,0,0,0
"inoc15.2",0,0,0,0,0,0
"inoc2",0,0,0,0,0,0
"inoc4.2",0,0,0,0,0,0
