,Strain,dnaK_similarity,dnaK_coded,recA_similarity,recA_coded,ITS_similarity,ITS_coded,glnII_similarity,glnII_coded,nifD_similarity,nifD_coded,nodA_similarity,nodA_coded,nodL_similarity,nodL_coded,nodZ_similarity,nodZ_coded,Source,Site,Latitude,Longitude,Host,Rhizobial_lineage,ANI_species
0,19AcHe316.1.1,19AcHe316.1.1,K1,19AcS397Asp.3.1,R1,11LoS24_1,I1,11LoS6_3,G1,11LoS6_3,D1,19AcGLB10.1.1,A1,05LoS16_8,L1,11LoS7_2,Z1,Genomes,San Dimas Canyon,34.16452702,-117.76931599999999,A. heermannii,Bradyrhizobium,24.0
1,19AcS309.1.1,19AcHe316.1.1,K1,05LoS13_4,R2,11LoS24_1,I1,11LoS6_3,G1,19AcS309.1.1,D2,19AcGLB10.1.1,A1,19AcS309.1.1,L2,19AcS309.1.1,Z2,Genomes,Santa Cruz Island,34.00555,-119.70445,A. strigosus,Bradyrhizobium,24.0
2,19AcARN268.1.1,19AcHe316.1.1,K1,19AcS397Asp.3.1,R1,11LoS24_1,I1,11LoS6_3,G1,19AcS5.2.1,D3,19AcS398Asp.1.1,A2,19AcARN268.1.1,L3,11LoS6_3,Z3,Genomes,Santa Cruz Island,34.01141,-119.68966999999999,A. argophyllus var. niveus,Bradyrhizobium,24.0
5,19AcPa147.3.1,19AcHe316.1.1,K1,19AcS397Asp.3.1,R1,11LoS23_10,I3,11LoS6_3,G1,19AcPa178.2.1,D6,19AcPa285.2.1,A4,19AcAm188A.1.1,L6,19AcPa151A.1.1,Z5,Genomes,Hastings Reserve,36.37865704,-121.56309499999999,A. parviflorus,Bradyrhizobium,24.0
7,19AcS313B.1.1,19AcHe316.1.1,K1,05LoS13_4,R2,12LoS5_1,I4,11LoS6_3,G1,11LoS34_5,D8,19AcGLB10.1.1,A1,05LoS16_12,L7,11LoS6_3,Z3,Genomes,San Dimas Canyon,34.16377097,-117.769158,A. strigosus,Bradyrhizobium,24.0
10,19AcGLB102.2.1,19AcHe316.1.1,K1,19AcS397Asp.3.1,R1,12LoS5_1,I4,11LoS6_3,G1,19AcGLB103.2.1,D10,19AcGLB102.2.1,A7,05LoS16_8,L1,11LoS7_2,Z1,Genomes,Hastings Reserve,36.35856,-121.5516,A. glaber,Bradyrhizobium,24.0
11,11LoS8_1,19AcHe316.1.1,K1,19AcS397Asp.3.1,R1,11LoS34_4,I5,11LoS6_3,G1,11LoS8_1,D11,11LoS8_1,A8,05LoS16_8,L1,11LoS6_3,Z3,Hollowell,San Dimas Reservoir,34.163833000000004,-117.76915,A. strigosus,Bradyrhizobium,
12,19AcGLB198.2.2,19AcHe316.1.1,K1,19AcS397Asp.3.1,R1,11LoS24_1,I1,11LoS6_3,G1,12LoS15_2,D12,12LoS18_1,A9,05LoS20_8,L8,11LoS7_2,Z1,Genomes,Big Creek Reserve,36.05393,-121.54078999999999,A. glaber,Bradyrhizobium,24.0
13,05LoS16R1_16,19AcHe316.1.1,K1,19AcS397Asp.3.1,R1,11LoS24_1,I1,11LoS6_3,G1,12LoS5_2,D4,12LoS18_1,A9,05LoS16_8,L1,11LoS7_2,Z1,Genomes,Bodega Marine Reserve,38.318611,-123.06222199999999,A. strigosus,Bradyrhizobium,24.0
15,19AcAm127.1.1,19AcHe316.1.1,K1,05LoS3_3,R4,11LoS24_1,I1,11LoS6_3,G1,19AcAm42.7.1,D13,19AcAm40.6.1,A11,19AcAm127A.2.1,L9,19AcAm43.3.1,Z7,Genomes,Hastings Reserve,36.38798601,-121.550234,A. americanus,Bradyrhizobium,24.0
16,19AcPa283.2.1,19AcHe316.1.1,K1,05LoS13_4,R2,11LoS23_10,I3,11LoS6_3,G1,19AcS179.1.1,D14,19AcPa285.2.1,A4,19AcAm188A.1.1,L6,19AcPa151A.1.1,Z5,Genomes,Santa Cruz Island,33.99677,-119.72771999999999,A. parviflorus,Bradyrhizobium,24.0
17,19AcAm43.3.1,19AcHe316.1.1,K1,19AcS397Asp.3.1,R1,11LoS24_1,I1,11LoS6_3,G1,19AcAm43.3.1,D15,19AcAM290.1.1,A12,19AcAm129.3.1,L10,19AcAm43.3.1,Z7,Genomes,McLaughlin Reserve,38.85984899,-122.409001,A. americanus,Bradyrhizobium,24.0
18,19AcPa151.2.1,19AcHe316.1.1,K1,19AcS397Asp.3.1,R1,11LoS23_10,I3,11LoS6_3,G1,19AcPa178.2.1,D6,19AcPa178.2.1,A13,19AcAm188A.1.1,L6,19AcPa151A.1.1,Z5,Genomes,Hastings Reserve,36.37880799,-121.563181,A. parviflorus,Bradyrhizobium,24.0
26,05LoS23R7_12,19AcHe316.1.1,K1,19AcS397Asp.3.1,R1,11LoS24_1,I1,11LoS6_3,G1,12LoS9_1,D20,05LoS23_10,A19,05LoS22_6,L4,11LoS7_2,Z1,Genomes,Bodega Marine Reserve,38.319444,-123.06222199999999,A. strigosus,Bradyrhizobium,24.0
38,19AcGLBFCO1.1.1,19AcHe316.1.1,K1,05LoS7_9,R3,11LoS24_1,I1,11LoS6_3,G1,19AcPa178.2.1,D6,19AcPa146.2.1,A27,19AcAm188A.1.1,L6,19AcPa151A.1.1,Z5,Genomes,Big Creek Reserve,36.056309999999996,-121.54202,A. glaber,Bradyrhizobium,24.0
49,11LoS23_10,19AcHe316.1.1,K1,19AcS397Asp.3.1,R1,11LoS23_10,I3,11LoS6_3,G1,11LoS23_10,D28,19AcGLB10.1.1,A1,05LoS16_8,L1,11LoS7_2,Z1,Hollowell,San Dimas Canyon,34.1344,-117.77886699999999,A. strigosus,Bradyrhizobium,
50,11LoS24_1,19AcHe316.1.1,K1,11LoS24_1,R6,11LoS24_1,I1,11LoS6_3,G1,11LoS23_8,D27,19AcGLB10.1.1,A1,05LoS16_8,L1,11LoS7_2,Z1,Hollowell,San Dimas Canyon,34.1344,-117.77886699999999,A. strigosus,Bradyrhizobium,
52,11LoS26_1,19AcHe316.1.1,K1,11LoS24_1,R6,11LoS24_1,I1,11LoS6_3,G1,19AcS5.2.1,D3,19AcGLB10.1.1,A1,11LoS26_1,L18,11LoS7_2,Z1,Hollowell,San Dimas Canyon,34.1344,-117.77886699999999,A. strigosus,Bradyrhizobium,
53,11LoS27_1,19AcHe316.1.1,K1,11LoS24_1,R6,11LoS24_1,I1,11LoS6_3,G1,11LoS28_4,D23,19AcARN282.3.1,A21,05LoS16_8,L1,11LoS6_3,Z3,Hollowell,Robert J. Bernard Biological Field Station,34.11055,-117.708983,A. strigosus,Bradyrhizobium,
55,11LoS28_2,19AcHe316.1.1,K1,19AcS397Asp.3.1,R1,11LoS24_1,I1,11LoS6_3,G1,11LoS28_4,D23,19AcARN282.3.1,A21,05LoS16_8,L1,11LoS6_3,Z3,Hollowell,Robert J. Bernard Biological Field Station,34.11055,-117.708983,A. strigosus,Bradyrhizobium,
58,11LoS29_8,19AcHe316.1.1,K1,19AcS397Asp.3.1,R1,11LoS24_1,I1,11LoS6_3,G1,11LoS28_4,D23,19AcARN282.3.1,A21,05LoS16_8,L1,11LoS6_3,Z3,Hollowell,Robert J. Bernard Biological Field Station,34.11055,-117.708983,A. strigosus,Bradyrhizobium,
61,11LoS30_2,19AcHe316.1.1,K1,19AcS397Asp.3.1,R1,11LoS23_10,I3,11LoS6_3,G1,19AcS5.2.1,D3,19AcS398Asp.1.1,A2,05LoS16_8,L1,11LoS30_2,Z9,Hollowell,Robert J. Bernard Biological Field Station,34.110517,-117.708983,A. strigosus,Bradyrhizobium,
66,11LoS34_6,19AcHe316.1.1,K1,19AcS397Asp.3.1,R1,11LoS34_4,I5,11LoS6_3,G1,11LoS34_6,D31,12LoS18_1,A9,05LoS16_12,L7,11LoS7_2,Z1,Hollowell,Burns Pion Ridge Reserve,34.15315,-116.475117,A. strigosus,Bradyrhizobium,
71,09LoS38_2,19AcHe316.1.1,K1,19AcS397Asp.3.1,R1,11LoS24_1,I1,11LoS6_3,G1,19AcS5.2.1,D3,09LoS38_2,A34,05LoS16_8,L1,11LoS7_2,Z1,Hollowell,UC Riverside Hills,33.96585,-117.32295,A. strigosus,Bradyrhizobium,
74,09LoS39_2,19AcHe316.1.1,K1,19AcS397Asp.3.1,R1,11LoS24_1,I1,11LoS6_3,G1,09LoS35_2,D32,09LoS38_1,A33,19AcARN268.1.1,L3,09LoS35_2,Z13,Hollowell,UC Riverside Hills,33.96585,-117.32295,A. strigosus,Bradyrhizobium,
81,09LoS40_8,19AcHe316.1.1,K1,05LoS13_4,R2,19AcPa283.1.1,I10,11LoS6_3,G1,11LoS6_3,D1,09LoS40_4,A36,05LoS16_8,L1,09LoS40_8,Z14,Hollowell,Motte Rimrock Reserve,33.8052,-117.25765,A. strigosus,Bradyrhizobium,
86,09LoS41_4,19AcHe316.1.1,K1,09LoS41_4,R15,11LoS24_1,I1,11LoS6_3,G1,12LoS13_1,D36,19AcGLB10.1.1,A1,09LoS41_4,L21,11LoS7_2,Z1,Hollowell,Motte Rimrock Reserve,33.8052,-117.25765,A. strigosus,Bradyrhizobium,
91,09LoS42_7,19AcHe316.1.1,K1,19AcS397Asp.3.1,R1,11LoS24_1,I1,11LoS6_3,G1,12LoS5_2,D4,09LoS42_4,A41,05LoS22_6,L4,11LoS7_2,Z1,Hollowell,Motte Rimrock Reserve,33.805167,-117.25753300000001,A. strigosus,Bradyrhizobium,
99,11LoS7_4,19AcHe316.1.1,K1,09LoS35_3,R17,11LoS24_1,I1,11LoS6_3,G1,11LoS7_4,D40,19AcGLB10.1.1,A1,05LoS16_8,L1,11LoS7_2,Z1,Hollowell,San Dimas Reservoir,34.163833000000004,-117.76915,A. strigosus,Bradyrhizobium,
101,11LoS13_4,19AcHe316.1.1,K1,19AcS397Asp.3.1,R1,11LoS23_10,I3,11LoS6_3,G1,12LoS15_2,D12,19AcGLB10.1.1,A1,05LoS16_8,L1,11LoS7_2,Z1,Hollowell,Robert J. Bernard Biological Field Station,34.11055,-117.708983,A. strigosus,Bradyrhizobium,
102,11LoS14_4,19AcHe316.1.1,K1,05LoS13_4,R2,11LoS24_1,I1,11LoS6_3,G1,11LoS28_4,D23,19AcARN282.3.1,A21,05LoS16_8,L1,11LoS6_3,Z3,Hollowell,Robert J. Bernard Biological Field Station,34.11055,-117.708983,A. strigosus,Bradyrhizobium,
104,11LoS15_2,19AcHe316.1.1,K1,11LoS15_2,R20,11LoS24_1,I1,11LoS6_3,G1,11LoS15_2,D25,11LoS15_1,A24,05LoS20_8,L8,11LoS15_2,Z4,Hollowell,Robert J. Bernard Biological Field Station,34.110517,-117.70845,A. strigosus,Bradyrhizobium,
107,11LoS17_4,19AcHe316.1.1,K1,11LoS17_4,R22,12LoS5_1,I4,11LoS6_3,G1,11LoS17_4,D42,12LoS18_1,A9,19AcS312.3.1,L13,11LoS7_2,Z1,Hollowell,Robert J. Bernard Biological Field Station,34.110517,-117.70845,A. strigosus,Bradyrhizobium,
108,05LoS7_9,19AcHe316.1.1,K1,05LoS7_9,R3,05LoS7_3,I6,11LoS6_3,G1,23,D16,05LoS16_9,A14,05LoS16_8,L1,11LoS7_2,Z1,Hollowell,Bodega Marine Reserve,38.3193,-123.063667,A. strigosus,Bradyrhizobium,
111,05LoS13_5,19AcHe316.1.1,K1,19AcS397Asp.3.1,R1,05LoS7_3,I6,11LoS6_3,G1,23,D16,05LoS16_9,A14,05LoS16_8,L1,19AcS142.2.1,Z6,Hollowell,Bodega Marine Reserve,38.3193,-123.063667,A. strigosus,Bradyrhizobium,
121,05LoS16_18,19AcHe316.1.1,K1,05LoS16_18,R25,05LoS7_3,I6,11LoS6_3,G1,23,D16,05LoS16_9,A14,05LoS16_8,L1,19AcS142.2.1,Z6,Hollowell,Bodega Marine Reserve,38.318611,-123.065556,A. strigosus,Bradyrhizobium,
123,05LoS20_2,19AcHe316.1.1,K1,05LoS20_2,R5,05LoS7_3,I6,11LoS6_3,G1,23,D16,05LoS16_9,A14,05LoS16_8,L1,19AcS142.2.1,Z6,Hollowell,Bodega Marine Reserve,38.319444,-123.06222199999999,A. strigosus,Bradyrhizobium,
127,05LoS21R6_43,19AcHe316.1.1,K1,19AcS397Asp.3.1,R1,11LoS24_1,I1,11LoS6_3,G1,11LoS34_5,D8,19AcGLB10.1.1,A1,05LoS16_8,L1,11LoS7_2,Z1,Genomes,Bodega Marine Reserve,38.318611,-123.06222199999999,A. strigosus,Bradyrhizobium,24.0
128,19AcAm127A.1.1,19AcHe316.1.1,K1,05LoS3_3,R4,11LoS24_1,I1,11LoS6_3,G1,19AcAm42.7.1,D13,19AcAm40.6.1,A11,19AcAm127A.2.1,L9,19AcAm43.3.1,Z7,Genomes,Hastings Reserve,36.38798601,-121.550234,A. americanus,Bradyrhizobium,24.0
129,19AcS181.3.1,19AcHe316.1.1,K1,19AcS397Asp.3.1,R1,11LoS24_1,I1,11LoS6_3,G1,11LoS34_5,D8,19AcS181.3.1,A26,05LoS16_12,L7,11LoS7_2,Z1,Genomes,Big Creek Reserve,36.06592999,-121.56114299999999,A. strigosus,Bradyrhizobium,24.0
130,19AcS183.2.1,19AcHe316.1.1,K1,19AcS397Asp.3.1,R1,11LoS24_1,I1,11LoS6_3,G1,12LoS5_2,D4,19AcS307.1.1,A23,19AcS5.1.1,L5,11LoS6_3,Z3,Genomes,Big Creek Reserve,36.06592999,-121.56114299999999,A. strigosus,Bradyrhizobium,24.0
131,19AcD266.3.1,19AcHe316.1.1,K1,19AcS397Asp.3.1,R1,11LoS24_1,I1,11LoS6_3,G1,12LoS5_2,D4,19AcS398sp.3.1,A49,19AcS398sp.3.1,L27,11LoS7_2,Z1,Genomes,Santa Cruz Island,34.01141,-119.68966999999999,A. dendroideus var. dendroideus,Bradyrhizobium,24.0
132,19AcS182.1.1,19AcHe316.1.1,K1,05LoS7_9,R3,11LoS24_1,I1,11LoS6_3,G1,11LoS34_5,D8,12LoS18_1,A9,05LoS16_8,L1,19AcS182.1.1,Z18,Genomes,Big Creek Reserve,36.06592999,-121.56114299999999,A. strigosus,Bradyrhizobium,24.0
134,19AcS311.1.1,19AcHe316.1.1,K1,19AcS397Asp.3.1,R1,11LoS24_1,I1,11LoS6_3,G1,09LoS40_10,D7,19AcS311.1.1,A50,19AcS311.1.1,L28,11LoS18_1,Z11,Genomes,Santa Cruz Island,34.00609,-119.70272,A. strigosus,Bradyrhizobium,24.0
136,19AcS121.1.1,19AcHe316.1.1,K1,19AcS397Asp.3.1,R1,11LoS24_1,I1,11LoS6_3,G1,12LoS15_2,D12,19AcS307.1.1,A23,05LoS22_6,L4,11LoS7_3,Z16,Genomes,Hastings Reserve,36.38952803,-121.55124199999999,A. strigosus,Bradyrhizobium,24.0
138,19AcAm206.2.1,19AcHe316.1.1,K1,19AcS397Asp.3.1,R1,11LoS24_1,I1,11LoS6_3,G1,19AcAm42.7.1,D13,19AcAm40.6.1,A11,19AcAm211.5.1,L29,19AcAm43.3.1,Z7,Genomes,Sedgwick,34.68866201,-120.045171,A. americanus,Bradyrhizobium,24.0
139,19AcS5.2.1,19AcHe316.1.1,K1,05LoS3_3,R4,11LoS24_1,I1,11LoS6_3,G1,19AcS5.2.1,D3,19AcS5.2.1,A52,19AcS5.2.1,L30,11LoS7_2,Z1,Genomes,Griffith Park,34.121964,-118.30892,A. strigosus,Bradyrhizobium,24.0
140,19AcNV334.1.1,19AcHe316.1.1,K1,05LoS7_9,R3,19AcNV334.1.1,I14,11LoS6_3,G1,19AcNV334.1.1,D45,19AcNV334.1.1,A53,19AcNV334.1.1,L31,11LoS6_3,Z3,Genomes,San Gorgonio Mountains,33.58357161,-116.45483459999998,A. niveus,Bradyrhizobium,24.0
144,19AcS307.1.1,19AcHe316.1.1,K1,05LoS20_2,R5,11LoS24_1,I1,11LoS6_3,G1,12LoS15_2,D12,19AcS307.1.1,A23,05LoS22_6,L4,11LoS7_3,Z16,Genomes,Santa Cruz Island,34.00555,-119.70445,A. strigosus,Bradyrhizobium,24.0
148,19AcHe317.2.1,19AcHe316.1.1,K1,19AcS397Asp.3.1,R1,11LoS24_1,I1,11LoS6_3,G1,11LoS34_5,D8,11LoS8_1,A8,05LoS16_8,L1,11LoS6_3,Z3,Genomes,San Dimas Canyon,34.16513102,-117.768993,A. heermannii,Bradyrhizobium,24.0
149,19AcS180A.1.1,19AcHe316.1.1,K1,05LoS7_9,R3,11LoS24_1,I1,11LoS6_3,G1,11LoS34_5,D8,12LoS18_1,A9,05LoS16_8,L1,19AcS182.1.1,Z18,Genomes,Big Creek Reserve,36.06599797,-121.56128700000001,A. strigosus,Bradyrhizobium,24.0
151,19AcS397Asp.3.1,19AcHe316.1.1,K1,19AcS397Asp.3.1,R1,11LoS24_1,I1,11LoS6_3,G1,12LoS5_2,D4,19AcS398sp.3.1,A49,19AcS398sp.3.1,L27,11LoS7_2,Z1,Genomes,Sedgwick,34.7397333,-120.02646670000001,A. strigosus,Bradyrhizobium,24.0
152,19AcS312.3.1,19AcHe316.1.1,K1,19AcS397Asp.3.1,R1,11LoS24_1,I1,11LoS6_3,G1,19AcS312.3.1,D38,19AcS312.3.1,A43,19AcS312.3.1,L13,11LoS7_2,Z1,Genomes,Santa Cruz Island,34.00609,-119.70272,A. strigosus,Bradyrhizobium,24.0
154,13LoS98_3,19AcHe316.1.1,K1,05LoS13_4,R2,11LoS23_10,I3,11LoS6_3,G1,13LoS98_3,D48,12LoS18_1,A9,11LoS6_3,L22,11LoS7_2,Z1,Genomes,Whitewater Preserve,33.97972,-116.6547,A. strigosus,Bradyrhizobium,24.0
155,19AcGLB232.1.1,19AcHe316.1.1,K1,19AcS397Asp.3.1,R1,11LoS24_1,I1,11LoS6_3,G1,19AcGLB232.1.1,D49,19AcGLB232.1.1,A55,19AcGLB232.1.1,L34,19AcGLB232.1.1,Z19,Genomes,Sedgwick,34.71076903,-120.039777,A. glaber,Bradyrhizobium,24.0
157,19AcS217.3.1,19AcHe316.1.1,K1,19AcS397Asp.3.1,R1,11LoS24_1,I1,11LoS6_3,G1,12LoS5_2,D4,19AcS307.1.1,A23,19AcS5.1.1,L5,11LoS6_3,Z3,Genomes,Sedgwick,34.69150499,-120.049334,A. strigosus,Bradyrhizobium,24.0
159,19AcS11.2.1,19AcHe316.1.1,K1,19AcS397Asp.3.1,R1,11LoS23_10,I3,11LoS6_3,G1,11LoS34_5,D8,19AcS307.1.1,A23,19AcS5.1.1,L5,11LoS6_3,Z3,Genomes,Griffith Park,34.121967,-118.30892,A. strigosus,Bradyrhizobium,24.0
162,19AcAm208.2.1,19AcHe316.1.1,K1,05LoS20_2,R5,11LoS23_10,I3,11LoS6_3,G1,19AcAm42.7.1,D13,19AcAm40.6.1,A11,19AcAm208.3.1,L35,19AcAm43.3.1,Z7,Genomes,Sedgwick,34.68863703,-120.04526499999999,A. americanus,Bradyrhizobium,24.0
164,19AcPa146.2.1,19AcHe316.1.1,K1,19AcS397Asp.3.1,R1,11LoS23_10,I3,11LoS6_3,G1,19AcS179.1.1,D14,19AcPa146.2.1,A27,19AcS179.1.1,L36,19AcPa151A.1.1,Z5,Genomes,Hastings Reserve,36.37865704,-121.56309499999999,A. parviflorus,Bradyrhizobium,24.0
166,19AcAm128.1.1,19AcHe316.1.1,K1,19AcS397Asp.3.1,R1,19AcAm128.1.1,I16,11LoS6_3,G1,19AcAm42.7.1,D13,19AcAM290.1.1,A12,19AcAm129.3.1,L10,19AcAm43.3.1,Z7,Genomes,Hastings Reserve,36.38798609,-121.550234,A. americanus,Bradyrhizobium,24.0
167,11LoS21_3,19AcHe316.1.1,K1,19AcS397Asp.3.1,R1,11LoS24_1,I1,11LoS6_3,G1,19AcS5.2.1,D3,19AcGLB10.1.1,A1,05LoS16_8,L1,11LoS7_2,Z1,Hollowell,San Dimas Canyon,34.134217,-117.78001699999999,A. strigosus,Bradyrhizobium,
172,19AcAm40.3.1,19AcHe316.1.1,K1,19AcS397Asp.3.1,R1,11LoS24_1,I1,11LoS6_3,G1,19AcAm43.3.1,D15,19AcAM290.1.1,A12,19AcAm129.3.1,L10,19AcAm43.3.1,Z7,Genomes,McLaughlin Reserve,38.859937,-122.408996,A. americanus,Bradyrhizobium,24.0
175,19AcD271.1.1,19AcHe316.1.1,K1,19AcS397Asp.3.1,R1,12LoS5_1,I4,11LoS6_3,G1,19AcARN282.3.1,D9,19AcS307.1.1,A23,19AcS5.1.1,L5,11LoS6_3,Z3,Genomes,Santa Cruz Island,34.01141,-119.68966999999999,A. dendroideus var. dendroideus,Bradyrhizobium,24.0
177,19AcS123.1.1,19AcHe316.1.1,K1,05LoS20_2,R5,11LoS24_1,I1,11LoS6_3,G1,05LoS16_2,D53,19AcS307.1.1,A23,19AcS5.1.1,L5,11LoS6_3,Z3,Genomes,Hastings Reserve,36.38952803,-121.551244,A. strigosus,Bradyrhizobium,24.0
178,19AcS313A.2.1,19AcHe316.1.1,K1,19AcS397Asp.3.1,R1,11LoS24_1,I1,11LoS6_3,G1,12LoS5_2,D4,19AcS313A.2.1,A60,19AcS313A.2.1,L15,11LoS18_1,Z11,Genomes,San Dimas Canyon,34.16377097,-117.769158,A. strigosus,Bradyrhizobium,24.0
179,19AcAm185.3.1,19AcHe316.1.1,K1,19AcS397Asp.3.1,R1,11LoS24_1,I1,11LoS6_3,G1,12LoS5_2,D4,19AcS311.1.1,A50,19AcS313A.2.1,L15,11LoS18_1,Z11,Genomes,Big Creek Reserve,36.06018201,-121.554331,A. parviflorus,Bradyrhizobium,24.0
193,11LoS19_3,19AcHe316.1.1,K1,11LoS21_1,R29,11LoS24_1,I1,11LoS6_3,G1,23,D16,12LoS18_1,A9,05LoS16_8,L1,11LoS6_3,Z3,Hollowell,San Dimas Canyon,34.134217,-117.78001699999999,A. strigosus,Bradyrhizobium,
200,12LoS19_5,19AcHe316.1.1,K1,19AcS397Asp.3.1,R1,11LoS23_10,I3,11LoS6_3,G1,12LoS15_2,D12,19AcGLB10.1.1,A1,05LoS16_8,L1,11LoS7_2,Z1,Hollowell,Robert J. Bernard Biological Field Station,34.11056,-117.70841000000001,A. strigosus,Bradyrhizobium,
204,05LoS2_3,19AcHe316.1.1,K1,05LoS2_3,R14,11LoS24_1,I1,11LoS6_3,G1,19AcARN282.3.1,D9,19AcS311.1.1,A50,19AcS313A.2.1,L15,11LoS18_1,Z11,Hollowell,Bodega Marine Reserve,38.3193,-123.06373300000001,A. strigosus,Bradyrhizobium,
206,05LoS4_3,19AcHe316.1.1,K1,19AcS397Asp.3.1,R1,11LoS34_4,I5,11LoS6_3,G1,11LoS34_5,D8,12LoS18_1,A9,05LoS16_12,L7,11LoS7_2,Z1,Hollowell,Bodega Marine Reserve,38.3193,-123.06373300000001,A. strigosus,Bradyrhizobium,
210,05LoS21_2,19AcHe316.1.1,K1,05LoS16_2,R23,11LoS24_1,I1,11LoS6_3,G1,11LoS34_5,D8,05LoS21_1,A28,05LoS16_19,L17,11LoS6_3,Z3,Hollowell,Bodega Marine Reserve,38.319444,-123.06222199999999,A. strigosus,Bradyrhizobium,
218,05LoS22_11,19AcHe316.1.1,K1,19AcS397Asp.3.1,R1,11LoS24_1,I1,11LoS6_3,G1,11LoS34_5,D8,05LoS21_4,A68,05LoS20_8,L8,11LoS6_3,Z3,Hollowell,Bodega Marine Reserve,38.319444,-123.06222199999999,A. strigosus,Bradyrhizobium,
232,09LoS36_2,19AcHe316.1.1,K1,05LoS13_4,R2,09LoS36_2,I20,11LoS6_3,G1,09LoS36_2,D21,19AcGLB10.1.1,A1,05LoS16_8,L1,09LoS35_5,Z28,Hollowell,UC Riverside Hills,33.965933,-117.323,A. strigosus,Bradyrhizobium,
234,09LoS37_2,19AcHe316.1.1,K1,05LoS2_3,R14,11LoS24_1,I1,11LoS6_3,G1,19AcS5.2.1,D3,09LoS37_2,A73,05LoS16_8,L1,11LoS7_2,Z1,Hollowell,UC Riverside Hills,33.96585,-117.32295,A. strigosus,Bradyrhizobium,
235,19AcPa151A.1.1,19AcHe316.1.1,K1,19AcS397Asp.3.1,R1,11LoS23_10,I3,11LoS6_3,G1,19AcPa178.2.1,D6,19AcPa285.2.1,A4,19AcAm188A.1.1,L6,19AcPa151A.1.1,Z5,Genomes,Hastings Reserve,36.37880799,-121.563181,A. parviflorus,Bradyrhizobium,24.0
236,19AcPa285.1.1,19AcHe316.1.1,K1,19AcS397Asp.3.1,R1,19AcPa285.1.1,I21,11LoS6_3,G1,19AcPa285.1.1,D58,19AcPa285.1.1,A74,19AcAm188A.1.1,L6,19AcPa151A.1.1,Z5,Genomes,Santa Cruz Island,33.996809999999996,-119.72771999999999,A. parviflorus,Bradyrhizobium,24.0
237,19AcPa144.2.1,19AcHe316.1.1,K1,19AcS397Asp.3.1,R1,11LoS23_10,I3,11LoS6_3,G1,19AcPa284.3.1,D19,19AcPa144.2.1,A75,19AcPa144.2.1,L46,19AcPa284.3.1,Z10,Genomes,Hastings Reserve,36.37865704,-121.56309499999999,A. parviflorus,Bradyrhizobium,24.0
238,19AcS295.2.1,19AcHe316.1.1,K1,19AcS295.2.1,R41,11LoS24_1,I1,11LoS6_3,G1,19AcARN282.3.1,D9,12LoS18_1,A9,05LoS16_8,L1,11LoS7_2,Z1,Genomes,Santa Cruz Island,33.99984,-119.71508,A. strigosus,Bradyrhizobium,24.0
239,19AcAM290.2.1,19AcHe316.1.1,K1,05LoS13_4,R2,19AcAM290.2.1,I8,11LoS6_3,G1,19AcPa284.3.1,D19,19AcAM290.1.1,A12,19AcAM290.2.1,L16,19AcAm43.3.1,Z7,Genomes,Santa Cruz Island,33.997679999999995,-119.72743999999999,A. americanus,Bradyrhizobium,24.0
240,19AcS136.2.1,19AcHe316.1.1,K1,19AcS397Asp.3.1,R1,11LoS24_1,I1,11LoS6_3,G1,11LoS20_3,D18,12LoS18_1,A9,05LoS16_8,L1,19AcS136.2.1,Z29,Genomes,Hastings Reserve,36.38949702,-121.551226,A. strigosus,Bradyrhizobium,24.0
241,19AcAm129.2.1,19AcHe316.1.1,K1,19AcS397Asp.3.1,R1,11LoS24_1,I1,11LoS6_3,G1,19AcAm43.3.1,D15,19AcPa144.1.1,A54,19AcAm129.2.1,L33,19AcPa284.3.1,Z10,Genomes,Hastings Reserve,36.38790001,-121.55028600000001,A. americanus,Bradyrhizobium,24.0
242,19AcAm211.3.1,19AcHe316.1.1,K1,19AcS397Asp.3.1,R1,11LoS24_1,I1,11LoS6_3,G1,19AcAm42.7.1,D13,19AcAm40.6.1,A11,19AcAm211.5.1,L29,19AcAm43.3.1,Z7,Genomes,Sedgwick,34.68861398,-120.045202,A. americanus,Bradyrhizobium,24.0
243,09LoS35_1,19AcHe316.1.1,K1,19AcS397Asp.3.1,R1,11LoS24_1,I1,11LoS6_3,G1,09LoS35_2,D32,19AcS307.1.1,A23,19AcARN268.1.1,L3,09LoS35_2,Z13,Hollowell,UC Riverside Hills,33.965933,-117.323,A. strigosus,Bradyrhizobium,
244,19AcS179.2.1,19AcHe316.1.1,K1,05LoS7_9,R3,11LoS24_1,I1,11LoS6_3,G1,11LoS34_5,D8,12LoS18_1,A9,05LoS16_8,L1,19AcS182.1.1,Z18,Genomes,Big Creek Reserve,36.06599797,-121.56128700000001,A. strigosus,Bradyrhizobium,24.0
245,19AcS398Asp.2.1,19AcHe316.1.1,K1,19AcS397Asp.3.1,R1,11LoS24_1,I1,11LoS6_3,G1,19AcARN282.3.1,D9,19AcS398Asp.2.1,A76,05LoS16_7,L11,11LoS6_3,Z3,Genomes,Sedgwick,34.7394333,-120.02688329999998,A. strigosus,Bradyrhizobium,24.0
247,19AcS142.3.1,19AcHe316.1.1,K1,19AcS397Asp.3.1,R1,11LoS24_1,I1,11LoS6_3,G1,11LoS34_5,D8,19AcS307.1.1,A23,19AcS5.1.1,L5,11LoS6_3,Z3,Genomes,Hastings Reserve,36.38950003,-121.55121799999999,A. strigosus,Bradyrhizobium,24.0
248,19AcPa284.1.2,19AcHe316.1.1,K1,05LoS13_4,R2,11LoS23_10,I3,11LoS6_3,G1,19AcPa284.1.2,D59,19AcPa284.1.2,A77,19AcAm188A.1.1,L6,19AcPa151A.1.1,Z5,Genomes,Santa Cruz Island,33.9968,-119.72771999999999,A. parviflorus,Bradyrhizobium,24.0
249,19AcGLB103.2.1,19AcHe316.1.1,K1,05LoS3_3,R4,11LoS24_1,I1,11LoS6_3,G1,19AcGLB103.2.1,D10,19AcGLB103.2.1,A78,19AcGLB103.2.1,L47,11LoS6_3,Z3,Genomes,Hastings Reserve,36.35853,-121.5516,A. glaber,Bradyrhizobium,24.0
252,19AcAm205.1.1,19AcHe316.1.1,K1,05LoS13_4,R2,11LoS24_1,I1,11LoS6_3,G1,19AcPa178.2.1,D6,19AcAm211.5.1,A51,19AcAm211.5.1,L29,19AcAm43.3.1,Z7,Genomes,Sedgwick,34.69808897,-120.05064499999999,A. americanus,Bradyrhizobium,24.0
253,19AcS398sp.3.1,19AcHe316.1.1,K1,19AcS397Asp.3.1,R1,11LoS24_1,I1,11LoS6_3,G1,12LoS5_2,D4,19AcS398sp.3.1,A49,19AcS398sp.3.1,L27,11LoS7_2,Z1,Genomes,Sedgwick,34.7394333,-120.02688329999998,A. strigosus,Bradyrhizobium,24.0
255,CW10,19AcHe316.1.1,K1,05LoS13_4,R2,11LoS23_10,I3,11LoS6_3,G1,12LoS15_2,D12,19AcGLB10.1.1,A1,05LoS16_8,L1,11LoS7_2,Z1,Genomes,Robert J. Bernard Biological Field Station,34.11055,-117.708983,A. strigosus,Bradyrhizobium,24.0
256,19AcAm41.3.1,19AcHe316.1.1,K1,19AcS397Asp.3.1,R1,11LoS24_1,I1,11LoS6_3,G1,19AcAm43.3.1,D15,19AcAM290.1.1,A12,19AcAm129.3.1,L10,19AcAm43.3.1,Z7,Genomes,McLaughlin Reserve,38.859937,-122.408997,A. americanus,Bradyrhizobium,24.0
259,12LoS8_2,19AcHe316.1.1,K1,11LoS34_2,R10,11LoS34_4,I5,11LoS6_3,G1,12LoS8_2,D51,12LoS18_1,A9,05LoS16_12,L7,11LoS7_2,Z1,Hollowell,San Dimas Canyon,34.13436,-117.77886000000001,A. strigosus,Bradyrhizobium,
260,12LoS9_1,19AcHe316.1.1,K1,05LoS22_13,R9,11LoS24_1,I1,11LoS6_3,G1,12LoS9_1,D20,11LoS13_3,A46,05LoS16_8,L1,12LoS9_1,Z31,Hollowell,Robert J. Bernard Biological Field Station,34.11056,-117.70906000000001,A. strigosus,Bradyrhizobium,
261,12LoS11_1,19AcHe316.1.1,K1,12LoS11_1,R42,11LoS23_10,I3,11LoS6_3,G1,12LoS5_1,D60,12LoS18_1,A9,05LoS16_8,L1,12LoS11_1,Z32,Hollowell,Robert J. Bernard Biological Field Station,34.11056,-117.70906000000001,A. strigosus,Bradyrhizobium,
262,12LoS12_1,19AcHe316.1.1,K1,12LoS12_1,R43,11LoS23_10,I3,11LoS6_3,G1,12LoS5_1,D60,12LoS18_1,A9,05LoS16_8,L1,12LoS11_1,Z32,Hollowell,Robert J. Bernard Biological Field Station,34.11056,-117.70906000000001,A. strigosus,Bradyrhizobium,
263,12LoS13_1,19AcHe316.1.1,K1,11LoS24_1,R6,12LoS13_1,I22,11LoS6_3,G1,12LoS13_1,D36,19AcGLB10.1.1,A1,12LoS13_1,L51,11LoS7_2,Z1,Hollowell,Robert J. Bernard Biological Field Station,34.11056,-117.70906000000001,A. strigosus,Bradyrhizobium,
265,12LoS14_1,19AcHe316.1.1,K1,12LoS14_1,R44,11LoS24_1,I1,11LoS6_3,G1,12LoS5_2,D4,12LoS10_1,A79,05LoS16_8,L1,11LoS7_2,Z1,Hollowell,Robert J. Bernard Biological Field Station,34.11056,-117.70906000000001,A. strigosus,Bradyrhizobium,
266,12LoS15_1,19AcHe316.1.1,K1,12LoS15_1,R45,12LoS15_1,I23,11LoS6_3,G1,12LoS5_2,D4,19AcGLB10.1.1,A1,05LoS16_8,L1,19AcS136.2.1,Z29,Hollowell,Robert J. Bernard Biological Field Station,34.11056,-117.70906000000001,A. strigosus,Bradyrhizobium,
269,12LoS18_1,19AcHe316.1.1,K1,11LoS34_2,R10,11LoS23_10,I3,11LoS6_3,G1,23,D16,12LoS18_1,A9,05LoS16_8,L1,11LoS7_2,Z1,Hollowell,Robert J. Bernard Biological Field Station,34.11056,-117.70841000000001,A. strigosus,Bradyrhizobium,
271,09LoS43_2,09LoS43_2,K2,19AcS397Asp.3.1,R1,11LoS23_10,I3,11LoS6_3,G1,12LoS15_2,D12,09LoS43_2,A80,05LoS16_8,L1,11LoS7_2,Z1,Hollowell,Motte Rimrock Reserve,33.805167,-117.25753300000001,A. strigosus,Bradyrhizobium,
274,19AcPa174.3.1,09LoS43_2,K2,05LoS16_2,R23,19AcPa174.2.1,I24,19AcPa174.2.1,G8,19AcPa174.3.1,D63,19AcPa174.3.1,A82,19AcPa174.3.1,L52,19AcPa174.3.1,Z34,Genomes,Big Creek Reserve,36.06608396,-121.560984,A. parviflorus,Bradyrhizobium,21.0
282,12LoS1_2,11LoS22_4,K3,12LoS1_2,R48,12LoS1_1,I28,12LoS1_2,G15,12LoS1_2,D67,12LoS1_2,A85,12LoS1_2,L55,12LoS1_2,Z37,Hollowell,San Dimas Canyon,34.13436,-117.78,A. strigosus,Bradyrhizobium,
292,11LoS22_1,11LoS22_4,K3,05LoS22_2,R35,12LoS1_1,I28,11LoS19_4,G14,11LoS22_1,D69,11LoS22_1,A88,11LoS22_1,L58,11LoS22_1,Z38,Hollowell,San Dimas Canyon,34.1344,-117.77886699999999,A. strigosus,Bradyrhizobium,
294,13LoS100_1,11LoS22_4,K3,19AcARN300.1.1,R50,11LoS22_4,I27,13LoS100_1,G13,13LoS100_1,D71,13LoS100_1,A90,13LoS100_1,L60,13LoS100_1,Z40,Genomes,Whitewater Preserve,33.97972,-116.6547,A. strigosus,Bradyrhizobium,31.0
295,19AcD281.3.1,11LoS22_4,K3,19AcARN300.1.1,R50,12LoS1_1,I28,11LoS19_4,G14,19AcD281.3.1,D72,19AcD281.3.1,A91,19AcD281.3.1,L61,19AcD281.3.1,Z41,Genomes,Santa Cruz Island,34.01447,-119.69021000000001,A. dendroideus var. dendroideus,Bradyrhizobium,31.0
298,11LoS6_1,11LoS22_5,K4,19AcS397Asp.3.1,R1,12LoS8_1,I30,11LoS10_1,G17,12LoS8_1,D29,12LoS18_1,A9,05LoS16_8,L1,11LoS7_2,Z1,Hollowell,San Dimas Reservoir,34.163833000000004,-117.76915,A. strigosus,Bradyrhizobium,
303,11LoS25_1,11LoS23_4,K6,19AcS397Asp.3.1,R1,11LoS25_1,I31,11LoS11_2,G18,12LoS3_2,D74,12LoS16_1,A94,19AcGR302.5.1,L63,11LoS7_2,Z1,Hollowell,San Dimas Canyon,34.1344,-117.77886699999999,A. strigosus,Bradyrhizobium,
306,19AcD306.1.1,11LoS23_4,K6,19AcD306.1.1,R51,19AcD306.1.1,I33,11LoS11_2,G18,12LoS3_2,D74,11LoS11_2,A95,19AcGR302.5.1,L63,11LoS11_2,Z45,Genomes,Santa Cruz Island,34.004059999999996,-119.70664,A. dendroideus var. dendroideus,Bradyrhizobium,14.0
308,19AcARN300.3.1,11LoS23_4,K6,19AcD306.1.1,R51,19AcD306.1.1,I33,11LoS11_2,G18,12LoS3_2,D74,12LoS16_1,A94,19AcGR302.5.1,L63,11LoS11_2,Z45,Genomes,Santa Cruz Island,33.999790000000004,-119.71513,A. argophyllus var. niveus,Bradyrhizobium,14.0
309,19AcGR302.3.1,11LoS23_4,K6,19AcGR302.3.1,R53,19AcD306.1.1,I33,11LoS11_2,G18,19AcGR302.3.1,D77,12LoS16_1,A94,19AcGR302.5.1,L63,11LoS11_2,Z45,Genomes,Santa Cruz Island,34.000170000000004,-119.7149,A. grandiflorus var. grandiflorus,Bradyrhizobium,14.0
314,19AcARN305.2.1,11LoS23_4,K6,19AcARN305.2.1,R55,19AcGR302.2.1,I34,11LoS11_2,G18,19AcARN305.2.1,D80,19AcARN305.2.1,A97,19AcGR302.5.1,L63,19AcARN305.2.1,Z48,Genomes,Santa Cruz Island,34.004059999999996,-119.70664,A. argophyllus var. niveus,Bradyrhizobium,14.0
316,12LoS3_3,11LoS23_4,K6,12LoS3_3,R56,11LoS25_1,I31,11LoS11_2,G18,12LoS3_2,D74,12LoS16_1,A94,19AcGR302.5.1,L63,12LoS3_2,Z49,Hollowell,San Dimas Canyon,34.13436,-117.78,A. strigosus,Bradyrhizobium,
320,12LoS4_4,11LoS23_4,K6,11LoS21_1,R29,11LoS25_1,I31,11LoS11_2,G18,12LoS3_2,D74,12LoS16_1,A94,19AcGR302.5.1,L63,12LoS3_2,Z49,Hollowell,San Dimas Canyon,34.13436,-117.78,A. strigosus,Bradyrhizobium,
323,12LoS16_1,11LoS23_4,K6,19AcS397Asp.3.1,R1,11LoS25_1,I31,11LoS11_2,G18,12LoS3_2,D74,12LoS16_1,A94,19AcGR302.5.1,L63,11LoS11_2,Z45,Hollowell,Robert J. Bernard Biological Field Station,34.11039,-117.70799,A. strigosus,Bradyrhizobium,
331,11LoS32_2,11LoS31_3,K7,05LoS22_13,R9,11LoS33_2,I38,09LoS36_4,G20,11LoS32_2,D85,11LoS32_2,A100,19AcD281.3.1,L61,19AcD280.1.1,Z39,Hollowell,Anza Borrego State Park - Palm Canyon,33.2713,-116.4194,A. strigosus,Bradyrhizobium,
337,19AcARN282.1.1,11LoS31_3,K7,19AcARN282.1.1,R59,13LoS14_2,I39,09LoS36_4,G20,19AcS308.1.1,D89,19AcARN282.1.1,A102,19AcARN282.1.1,L68,19AcARN282.1.1,Z55,Genomes,Santa Cruz Island,34.01447,-119.69021000000001,A. argophyllus var. niveus,Bradyrhizobium,49.0
338,13LoS14_2,11LoS31_3,K7,09LoS36_4,R58,13LoS14_2,I39,09LoS36_4,G20,19AcD280.1.1,D86,12LoS21_14,A103,13LoS14_2,L65,13LoS14_2,Z56,Genomes,Griffith Park,34.121970000000005,-118.309,A. strigosus,Bradyrhizobium,49.0
340,19AcS308.1.1,11LoS31_3,K7,19AcARN282.1.1,R59,13LoS14_2,I39,09LoS36_4,G20,19AcS308.1.1,D89,19AcS308.1.1,A105,19AcS308.1.1,L70,CW17,Z54,Genomes,Santa Cruz Island,34.00555,-119.70445,A. strigosus,Bradyrhizobium,49.0
342,19AcD280.1.1,11LoS31_3,K7,09LoS36_4,R58,13LoS14_2,I39,09LoS36_4,G20,19AcD280.1.1,D86,19AcD280.1.1,A37,19AcD280.1.1,L72,19AcD280.1.1,Z39,Genomes,Santa Cruz Island,34.01447,-119.69021000000001,A. dendroideus var. dendroideus,Bradyrhizobium,49.0
345,11LoS33_4,11LoS31_3,K7,09LoS36_4,R58,11LoS33_2,I38,11LoS33_4,G19,19AcD280.1.1,D86,19AcD281.3.1,A91,13LoS14_2,L65,19AcD280.1.1,Z39,Hollowell,Burns Pion Ridge Reserve,34.15315,-116.475117,A. strigosus,Bradyrhizobium,
346,19AcGLB197.1.1,11LoS31_3,K7,09LoS36_4,R58,13LoS14_2,I39,09LoS36_4,G20,19AcGLB197.1.1,D70,19AcGLB197.1.1,A107,19AcGLB197.1.1,L69,19AcGLB197.1.1,Z58,Genomes,Big Creek Reserve,36.05393,-121.54078,A. glaber,Bradyrhizobium,49.0
349,19AcGLB196.1.1,11LoS31_3,K7,09LoS36_4,R58,13LoS14_2,I39,09LoS36_4,G20,19AcGLB196.1.1,D90,19AcGLB197.1.1,A107,19AcGLB196.1.1,L73,CW17,Z54,Genomes,Big Creek Reserve,36.05393,-121.54075,A. glaber,Bradyrhizobium,49.0
350,19AcD298.2.1,11LoS31_3,K7,19AcARN282.1.1,R59,13LoS14_2,I39,09LoS36_4,G20,19AcS308.1.1,D89,19AcD298.3.1,A106,19AcD298.3.1,L71,19AcGLB197.1.1,Z58,Genomes,Santa Cruz Island,33.99982,-119.71511000000001,A. dendroideus var. dendroideus,Bradyrhizobium,49.0
356,13LoS58_2,11LoS31_4,K8,13LoS58_2,R61,13LoS58_2,I42,13LoS58_2,G22,19AcD280.1.1,D86,13LoS58_2,A109,13LoS58_2,L75,13LoS58_2,Z59,Genomes,UC Riverside Hills,33.965933,-117.323,A. strigosus,Bradyrhizobium,49.0
357,12LoS21_12,11LoS31_4,K8,12LoS21_12,R62,13LoS58_2,I42,13LoS58_2,G22,12LoS21_12,D91,12LoS21_12,A110,19AcGLB197.1.1,L69,12LoS21_12,Z60,Hollowell,Anza Borrego State Park - Road,32.99015,-116.4447,A. strigosus,Bradyrhizobium,
358,11LoS31_2,11LoS31_4,K8,11LoS31_4,R60,11LoS31_4,I41,11LoS31_2,G21,19AcGLB197.1.1,D70,19AcS308.1.1,A105,11LoS31_2,L74,CW17,Z54,Hollowell,Anza Borrego State Park - Palm Canyon,33.2713,-116.4194,A. strigosus,Bradyrhizobium,
367,05LoS23_7,11LoS34_10,K11,19AcS397Asp.3.1,R1,11LoS24_1,I1,11LoS6_3,G1,12LoS9_1,D20,05LoS23_10,A19,05LoS22_6,L4,11LoS7_2,Z1,Hollowell,Bodega Marine Reserve,38.319444,-123.06222199999999,A. strigosus,Bradyrhizobium,
369,12LoS5_2,11LoS34_10,K11,11LoS34_2,R10,12LoS5_2,I47,11LoS6_3,G1,12LoS5_2,D4,12LoS5_2,A114,05LoS16_8,L1,11LoS7_2,Z1,Hollowell,San Dimas Canyon,34.13436,-117.77886000000001,A. strigosus,Bradyrhizobium,
371,12LoS10_1,11LoS34_10,K11,11LoS21_1,R29,11LoS24_1,I1,11LoS6_3,G1,12LoS5_2,D4,12LoS10_1,A79,05LoS16_8,L1,11LoS7_2,Z1,Hollowell,Robert J. Bernard Biological Field Station,34.11056,-117.70906000000001,A. strigosus,Bradyrhizobium,
372,12LoS2_1,12LoS2_1,K12,11LoS28_7,R8,12LoS2_1,I48,12LoS2_1,G25,12LoS1_4,D65,11LoS19_4,A86,12LoS20_5,L53,11LoS19_4,Z35,Hollowell,San Dimas Canyon,34.13436,-117.78,A. strigosus,Bradyrhizobium,
374,19AcGLB10.1.1,12LoS2_1,K12,19AcGLB10.1.1,R64,12LoS2_1,I48,13LoS15_1,G26,19AcS309.1.1,D2,19AcGLB10.1.1,A1,19AcS309.1.1,L2,19AcS309.1.1,Z2,Genomes,Griffith Park,34.121990000000004,-118.30886000000001,A. glaber,Bradyrhizobium,32.0
379,11LoS10_2,11LoS10_2,K15,05LoS16_2,R23,11LoS23_10,I3,11LoS6_3,G1,12LoS5_2,D4,11LoS10_2,A118,05LoS16_8,L1,11LoS7_2,Z1,Hollowell,San Dimas Reservoir,34.163817,-117.76908300000001,A. strigosus,Bradyrhizobium,
380,11LoS11_1,11LoS11_1,K16,09LoS35_3,R17,11LoS11_1,I52,11LoS11_1,G28,11LoS11_1,D96,12LoS16_1,A94,11LoS11_1,L79,11LoS11_1,Z66,Hollowell,San Dimas Reservoir,34.163817,-117.76908300000001,A. strigosus,Bradyrhizobium,
382,05LoS8_1,05LoS8_1,K18,19AcS397Asp.3.1,R1,11LoS24_1,I1,11LoS6_3,G1,05LoS1_8,D98,19AcGLB10.1.1,A1,05LoS16_8,L1,11LoS7_2,Z1,Hollowell,Bodega Marine Reserve,38.3193,-123.063667,A. strigosus,Bradyrhizobium,
388,05LoS24_2,05LoS8_1,K18,05LoS24_2,R67,11LoS24_1,I1,11LoS6_3,G1,23,D16,19AcARN282.3.1,A21,05LoS24_1,L80,11LoS6_3,Z3,Hollowell,Bodega Marine Reserve,38.319444,-123.06222199999999,A. strigosus,Bradyrhizobium,
393,05LoS25_5,05LoS8_1,K18,19AcS397Asp.3.1,R1,11LoS24_1,I1,11LoS6_3,G1,23,D16,19AcARN282.3.1,A21,05LoS24_1,L80,11LoS6_3,Z3,Hollowell,Bodega Marine Reserve,38.319444,-123.06222199999999,A. strigosus,Bradyrhizobium,
400,11LoS18_5,05LoS11_1,K19,05LoS13_4,R2,11LoS24_1,I1,11LoS6_3,G1,11LoS18_5,D101,12LoS18_1,A9,19AcS312.3.1,L13,11LoS7_2,Z1,Hollowell,Robert J. Bernard Biological Field Station,34.110517,-117.70845,A. strigosus,Bradyrhizobium,
405,05LoS11_5,05LoS11_5,K20,19AcS397Asp.3.1,R1,11LoS24_1,I1,11LoS6_3,G1,05LoS16_2,D53,19AcS398Asp.1.1,A2,05LoS22_6,L4,11LoS6_3,Z3,Hollowell,Bodega Marine Reserve,38.3193,-123.063667,A. strigosus,Bradyrhizobium,
406,05LoS14_1,05LoS14_1,K21,19AcS397Asp.3.1,R1,24,I55,05LoS16_3,G4,05LoS14_1,D102,12LoS18_1,A9,05LoS16_12,L7,11LoS6_3,Z3,Hollowell,Bodega Marine Reserve,38.318611,-123.065556,A. strigosus,Bradyrhizobium,
423,19AcAm188.3.1,05LoS14_1,K21,05LoS16_2,R23,19AcAm188.3.1,I57,19AcAm188.3.1,G31,19AcAm188.3.1,D103,19AcPa178.2.1,A13,19AcAm188A.1.1,L6,19AcPa151A.1.1,Z5,Genomes,Big Creek Reserve,36.06009099,-121.55433300000001,A. parviflorus,Bradyrhizobium,21.0
425,05LoH15.1,05LoS14_1,K21,05LoS16_2,R23,24,I55,05LoS16_3,G4,05LoS16_2,D53,12LoS18_1,A9,05LoS16_12,L7,11LoS6_3,Z3,Genomes,Bodega Marine Reserve,38.3193,-123.06373300000001,A. heermannii,Bradyrhizobium,21.0
426,19AcPa174A.1.2,05LoS14_1,K21,05LoS16_2,R23,19AcPa174A.2.1,I56,19AcPa174A.2.1,G30,19AcPa178.2.1,D6,19AcPa285.2.1,A4,19AcAm188A.1.1,L6,19AcPa151A.1.1,Z5,Genomes,Big Creek Reserve,36.06608396,-121.560984,A. parviflorus,Bradyrhizobium,21.0
427,05LoH17.10,05LoS14_1,K21,05LoS16_2,R23,24,I55,05LoS16_3,G4,05LoS16_2,D53,12LoS18_1,A9,05LoS16_12,L7,11LoS6_3,Z3,Genomes,Bodega Marine Reserve,38.3193,-123.06373300000001,A. heermannii,Bradyrhizobium,21.0
435,05LoS16R10_36,05LoS14_4,K22,05LoS16_2,R23,19AcPa174.2.1,I24,05LoS14_4,G32,11LoS18_1,D55,05LoS1_7,A69,inoc4-2,L82,11LoS6_3,Z3,Genomes,Bodega Marine Reserve,38.318611,-123.06222199999999,A. strigosus,Bradyrhizobium,21.0
438,19AcPa178.2.1,19AcPa178.2.1,K25,19AcS397Asp.3.1,R1,19AcS179.1.1,I15,11LoS6_3,G1,19AcPa178.2.1,D6,19AcPa178.2.1,A13,19AcPa178.2.1,L83,19AcPa151A.1.1,Z5,Genomes,Big Creek Reserve,36.056309999999996,-121.54202,A. parviflorus,Bradyrhizobium,24.0
441,05LoM26.5,05LoM26.5,K27,05LoM26.5,R76,19AcGLB381sp.3.1,I59,05LoM26.5,G34,19AcS179.1.1,D14,05LoM26.5,A121,05LoM26.5,L84,19AcPa151A.1.1,Z5,Genomes,Bodega Marine Reserve,38.3193,-123.06373300000001,A. parviflorus,Bradyrhizobium,23.0
444,19AcNV336.2.1,19AcNV335.2.1,K28,19AcNV335.2.1,R77,19AcNV335.2.1,I60,19AcNV335.2.1,G35,19AcNV336.3.1,D106,19AcNV336.3.1,A122,19AcNV336.2.1,L86,19AcNV336.3.1,Z68,Genomes,San Gorgonio Mountains,33.58357161,-116.45483459999998,A. niveus,Bradyrhizobium,3.0
448,19AcNV333.1.1,19AcNV335.2.1,K28,19AcNV335.2.1,R77,19AcNV335.2.1,I60,19AcNV335.2.1,G35,19AcNV336.3.1,D106,19AcNV336.3.1,A122,19AcNV332.1.1,L87,19AcNV336.3.1,Z68,Genomes,San Gorgonio Mountains,33.58357161,-116.45483459999998,A. niveus,Bradyrhizobium,3.0
451,19AcNV332.2.1,19AcNV332.2.1,K30,19AcNV332.2.1,R80,19AcNV332.2.1,I63,19AcNV335.2.1,G35,19AcNV336.3.1,D106,19AcNV336.3.1,A122,19AcNV332.2.1,L85,19AcNV336.3.1,Z68,Genomes,San Gorgonio Mountains,33.58357161,-116.45483459999998,A. niveus,Bradyrhizobium,3.0
453,19AcGLB233.1.1,19AcGLB233.1.1,K31,19AcGLB233.1.1,R82,19AcGLB233.1.1,I64,19AcGLB233.1.1,G38,19AcGLB233.1.1,D109,19AcGLB233.1.1,A125,19AcGLB233.1.1,L89,19AcGLB233.1.1,Z70,Genomes,Sedgwick,34.71075,-120.03988000000001,A. glaber,Bradyrhizobium,77.0
454,13LoS69_3,13LoS69_3,K32,13LoS69_3,R83,13LoS69_3,I65,13LoS69_3,G39,13LoS69_3,D110,13LoS69_3,A126,13LoS69_3,L90,13LoS69_3,Z71,Genomes,Pismo Dunes Natural Preserve,35.05448,-120.62241000000002,A. strigosus,Bradyrhizobium,78.0
458,11LoS20_7,11LoS20_7,K35,19AcS397Asp.3.1,R1,11LoS20_7,I68,19AcS295.3.1,G16,11LoS20_7,D113,11LoS20_7,A129,11LoS20_7,L93,11LoS20_7,Z74,Hollowell,San Dimas Canyon,34.134217,-117.78001699999999,A. strigosus,Bradyrhizobium,
462,05LoS3_4,05LoS3_3,K37,05LoS3_4,R85,05LoS3_3,I70,05LoS3_4,G42,12LoS5_2,D4,05LoS3_4,A130,38B,L95,38B,Z75,Hollowell,Bodega Marine Reserve,38.3193,-123.06373300000001,A. strigosus,Bradyrhizobium,
464,05LoS1_5,05LoS1_5,K38,05LoS16_2,R23,19AcPa174.2.1,I24,05LoS1_5,G43,12LoS5_2,D4,05LoS1_5,A131,38B,L95,05LoS1_5,Z76,Hollowell,Bodega Marine Reserve,38.3193,-123.06373300000001,A. strigosus,Bradyrhizobium,
465,19AcAm184.2.1,19AcAm184.2.1,K39,05LoS16_2,R23,19AcAm184.2.1,I71,19AcPa174.2.1,G8,19AcPa178.2.1,D6,19AcPa285.2.1,A4,19AcAm184.2.1,L96,19AcPa285.2.1,Z21,Genomes,Big Creek Reserve,36.06018201,-121.554331,A. parviflorus,Bradyrhizobium,21.0
467,19AcAm188A.1.1,19AcAm184.2.1,K39,05LoS16_2,R23,19AcPa174.2.1,I24,05LoS16R2_18,G44,19AcPa178.2.1,D6,19AcPa178.2.1,A13,19AcAm188A.1.1,L6,19AcPa151A.1.1,Z5,Genomes,Big Creek Reserve,36.06009099,-121.55433300000001,A. parviflorus,Bradyrhizobium,21.0
469,19AcAm42.2.1,19AcAm42.2.1,K40,19AcAm42.2.1,R86,19AcAm42.2.1,I72,19AcAm41.2.1,G45,19AcAm42.7.1,D13,19AcAM290.1.1,A12,19AcAm129.3.1,L10,19AcAm43.3.1,Z7,Genomes,McLaughlin Reserve,38.85993498,-122.40900800000001,A. americanus,Bradyrhizobium,25.0
474,19AcAm39.4.1,19AcAm42.2.1,K40,19AcAm42.2.1,R86,19AcAm39.4.1,I74,19AcAm41.2.1,G45,19AcPa284.3.1,D19,19AcAm39.4.1,A133,19AcAm39.7.1,L48,19AcPa151A.1.1,Z5,Genomes,McLaughlin Reserve,38.860040000000005,-122.4089,A. americanus,Bradyrhizobium,25.0
475,19AcGLB381sp.3.1,19AcGLB381sp.3.1,K41,19AcGLB381sp.3.1,R75,19AcGLB381sp.3.1,I59,19AcGLB381sp.3.1,G46,11LoS34_5,D8,19AcGLB381sp.3.1,A134,05LoS16_8,L1,11LoS7_2,Z1,Genomes,Sedgwick,35.254883299999996,-120.71253329999999,A. glaber,Bradyrhizobium,25.0
476,19AcNV335.3.1,19AcNV335.3.1,K42,19AcNV335.3.1,R87,19AcNV335.3.1,I75,19AcNV335.2.1,G35,19AcNV336.3.1,D106,19AcNV336.3.1,A122,19AcNV332.2.1,L85,19AcNV336.3.1,Z68,Genomes,San Gorgonio Mountains,33.58357161,-116.45483459999998,A. niveus,Bradyrhizobium,3.0
478,19AcGLBFCO3.1.1,19AcGLBFCO3.1.1,K43,19AcGLBFCO3.1.1,R88,19AcGLBFCO3.1.1,I76,19AcGLBFCO3.1.1,G47,19AcPa177.1.1,D115,19AcGLBFCO3.1.1,A135,19AcGLBFCO3.1.1,L98,19AcGLBFCO3.1.1,Z77,Genomes,Big Creek Reserve,36.056309999999996,-121.54202,A. glaber,Bradyrhizobium,17.0
480,13LoS70_1,13LoS70_1,K45,13LoS70_1,R90,13LoS70_1,I78,13LoS70_1,G49,13LoS70_1,D117,13LoS70_1,A137,13LoS70_1,L100,13LoS70_1,Z79,Genomes,Pismo Dunes Natural Preserve,35.05448,-120.62241000000002,A. strigosus,Bradyrhizobium,14.0
482,13LoS18_3,19AcS295.3.1,K46,13LoS18_3,R92,13LoS18_3,I79,13LoS18_3,G50,19AcD266.2.1,D73,13LoS18_3,A138,13LoS18_3,L101,13LoS18_3,Z80,Genomes,Griffith Park,34.121970000000005,-118.309,A. strigosus,Bradyrhizobium,30.0
485,19AcAM304.3.1,19AcAM304.2.1,K48,19AcAM304.3.1,R95,12LoS8_1,I30,19AcAM304.3.1,G53,19AcGLB197.2.1,D120,19AcAM304.3.1,A140,19AcAM304.3.1,L103,19AcAM304.3.1,Z81,Genomes,Santa Cruz Island,34.004059999999996,-119.70664,A. americanus,Bradyrhizobium,14.0
486,13LoS15_1,13LoS15_1,K49,13LoS15_1,R96,13LoS15_1,I82,13LoS15_1,G26,12LoS1_4,D65,12LoS3_5,A98,12LoS20_5,L53,11LoS19_4,Z35,Genomes,Griffith Park,34.121970000000005,-118.309,A. strigosus,Bradyrhizobium,32.0
487,19AcPa173.2.1,19AcPa173.2.1,K50,05LoS3_4,R85,05LoS3_3,I70,19AcPa173.2.1,G54,19AcPa177.1.1,D115,19AcPa177.1.1,A141,19AcPa177.1.1,L104,19AcPa173.2.1,Z82,Genomes,Big Creek Reserve,36.06608396,-121.560984,A. parviflorus,Bradyrhizobium,26.0
488,13LoS104_4,19AcPa173.2.1,K50,05LoS3_4,R85,05LoS3_3,I70,19AcPa173.2.1,G54,12LoS5_2,D4,13LoS70_2,A139,13LoS104_4,L105,38B,Z75,Genomes,Guadalupe-Nipomo Dunes National Wildlife Refuge,35.00812,-120.60878000000001,A. strigosus,Bradyrhizobium,26.0
489,13LoS16_4,13LoS16_4,K51,13LoS16_4,R97,13LoS16_4,I83,13LoS16_4,G55,13LoS16_4,D121,13LoS16_4,A142,13LoS16_4,L106,13LoS16_4,Z83,Genomes,Griffith Park,34.121970000000005,-118.309,A. strigosus,Bradyrhizobium,29.0
490,19AcPa177.1.1,19AcPa177.1.1,K52,19AcPa177.1.1,R98,19AcPa177.1.1,I84,19AcPa173.2.1,G54,19AcPa177.1.1,D115,19AcPa177.1.1,A141,19AcPa177.1.1,L104,19AcPa177.1.1,Z84,Genomes,Big Creek Reserve,36.056309999999996,-121.54202,A. parviflorus,Bradyrhizobium,26.0
491,19AcAM272.3.1,19AcAM272.3.1,K53,13LoS18_3,R92,19AcAM272.3.1,I85,19AcAM272.3.1,G56,19AcGLB197.2.1,D120,19AcAM304.1.1,A143,19AcAM304.1.1,L107,19AcAM272.3.1,Z85,Genomes,Santa Cruz Island,34.011390000000006,-119.68966999999999,A. americanus,Bradyrhizobium,30.0
494,19AcAM288.1.1,19AcAM272.3.1,K53,13LoS18_3,R92,19AcAM304.1.1,I86,19AcAM272.3.1,G56,19AcGLB197.2.1,D120,19AcAM304.1.1,A143,19AcAM304.1.1,L107,19AcAM304.1.1,Z86,Genomes,Santa Cruz Island,33.997679999999995,-119.72742,A. americanus,Bradyrhizobium,30.0
496,19AcAm187A.2.1,19AcAm187A.2.1,K54,19AcAm187A.2.1,R99,19AcAm187A.2.1,I87,19AcAm187A.2.1,G57,19AcAm187A.2.1,D122,19AcAm187A.2.1,A144,19AcAm187A.2.1,L108,19AcAm187A.2.1,Z87,Genomes,Big Creek Reserve,36.06012996,-121.55441699999999,A. parviflorus,Bradyrhizobium,19.0
499,19AcS213.4.1,19AcS213.4.1,K57,19AcS213.4.1,R102,19AcS213.4.1,I89,19AcS213.4.1,G60,19AcS213.4.1,D124,19AcS213.4.1,A146,19AcS213.4.1,L111,19AcS213.4.1,Z90,Genomes,Sedgwick,34.69150499,-120.049334,A. strigosus,Bradyrhizobium,60.0
506,12LoS17_4,12LoS17_4,K63,11LoS34_2,R10,11LoS27_2,I32,11LoS11_2,G18,12LoS17_4,D127,12LoS17_1,A93,19AcGR302.5.1,L63,11LoS17_1,Z43,Hollowell,Robert J. Bernard Biological Field Station,34.11039,-117.70799,A. strigosus,Bradyrhizobium,
